row,comment_id,text,label_POSITIVE_NEUTRAL_NEGATIVE
1,UgzE1GeDJUyPzZhAsut4AaABAg,The camera bump is great for holding the phone😂😂😂😂😂😂😂😂😂,NEGATIVE
2,UgzfYMvOdLoENKn_JIV4AaABAg,I’m honestly surprised Apple didn’t slap their logo on the ear cups…,NEGATIVE
3,UgwhFN-hiV0e4eI2vlR4AaABAg,"I appreciate all the information. I think some people look at phone progression going from year to year changes and upgrades. When your phone is more than 2 or 3 years old, even small changes are big. I have never bought the big name phones. I went from HTC to OnePlus to Nothing. I didn't like having what everyone else has. I liked the glyphs, but I think this matrix will be fun, too. Phones are boring. I like quirky. It's all about preference. I think it's fun. To each their own!",POSITIVE
4,Ugw-dsnM6lMf3VH049R4AaABAg,Def taking someone’s girl if you’re wearing bleu de Chanel,POSITIVE
5,UgyQ6cc4Oi5IdazjBG94AaABAg,Where can we find these wallpapers?,NEUTRAL
6,UgweCqYyJJac3dEh9Sd4AaABAg,"Rocking my MacBook Air from February 2021 and it's still running buttery smooth. Maybe will upgrade when M8 or M9 will come or this laptop will die on me. Until then, M1 rocks.",POSITIVE
7,Ugxb-KJzFV8ZrzPyvlJ4AaABAg,Old school Jeremy Fragrance style! KRAFT,POSITIVE
8,UgwIVkilScJwXyxVAxx4AaABAg,Apple made their chipset sooo good that I’ll wait for the M10 for a “significant” upgrade from my macbook air M2 😂😂😂,POSITIVE
9,UgwJRxtWpyNnE5Dhbo54AaABAg,"Please do a longtime review, I have heard it's quite smooth to use",NEUTRAL
10,Ugw3U3bvO4IHEnlOBb94AaABAg,5:28 The fact I had a Samsung S25 ad 😂😂😂😂,NEUTRAL
11,UgwEPwPvHfsRQQQ1tGx4AaABAg,4:56 that was a fireee edit,POSITIVE
12,UgzbY8oXjwWDvLeXr-p4AaABAg,If you want to know why they stopped making the super dark colors an option it's because of heat absorption outside (sun). There were a lot of user complaints over the years about overheating. Especially these new chips need as much cooling advantage as they can get. I don't know about the AirPod Max's but that's the reason for the phones and laptops. At least the iPad Pro gets a space black color. Maybe they can start offering the same colors but with darker bezels.,NEUTRAL
13,UgwtG7ed2E9wSlvc-IB4AaABAg,No one seems to want to review the video editing noise filter. I do outdoor videos and need to erase the background highway noise for outdoor shots. The $900 trade in value was an offer i couldn't refuse for my S24U though so i went for it.,NEUTRAL
14,UgwjC106zZAT_ft1G7d4AaABAg,"linus really blurred line between ""not a review"" on a sponsored video",NEGATIVE
15,UgwPp0yvVJdc6LnhEKl4AaABAg,"I own a pair of AirPods maxes. The audio is incredible, the different modes like noise cancelation are incomparable to other devices, and it looks super sleek. So far the only issues are this. The first is the weight. They are heavy, which makes them a bit more annoying than other headphones, but I find them easier to wear long-term over AirPods which bothers my ears after a while. The other thing is how tight the clamp is. This was a problem, but I stretched them out a few times, and that issue went away quickly. So yeah if you have the money they are worth it.",POSITIVE
16,UgyHF1iMjglFXyoFDKx4AaABAg,These intros ❤,POSITIVE
17,UgwJAiem6ZHG2GoCn6R4AaABAg,"Name of the Intro track?
It's really cool as Pixel✌🏼",POSITIVE
18,Ugys6gvJsh6LZoEdOoN4AaABAg,I am so sold!,POSITIVE
19,UgzbJALlUSgpfHSkZdh4AaABAg,Update your fold 6 Dave. It got an update screaming to get install :v :v,NEUTRAL
20,UgyUeVbuhGG8wkOe8eZ4AaABAg,"3:09 A PHOTO. OF A CONCERT. AS SOMEONE WHO WATCHES CONCERT, THIS IS WHAT WE NEED.",POSITIVE
21,UgzD9ohmOVXK_xVmYdN4AaABAg,in love with the bezels,POSITIVE
22,Ugwdv4GfRlw4R0mbOHt4AaABAg,I ordered the Air. Silver.,NEUTRAL
23,Ugx4OYH12yUK5eymZyl4AaABAg,God I love your reviews man! They're so imformitive and easy to follow.,POSITIVE
24,Ugxt0HcrDMZquKSsF4N4AaABAg,So for a $100 cheaper XM-5s are now more worth it than the XM-6s right?,NEGATIVE
25,UgzEYKeK63Auq4eAtYZ4AaABAg,that intro was 🔥,POSITIVE
26,Ugxc6sUtiezWVl_jGFx4AaABAg,"I just bought this cologne as a blind / impulse buy.  It just came in....I sprayed it on my wrist just to see how it smells......holy crap.  that smells amazing.  Hopefully it smells good on me as the day goes on.  Initially, all I can say is damn!!😁",POSITIVE
27,UgzDBNHmjVU9H6S9XsF4AaABAg,"I went from Note 9 to Pixel 8 - and EVERYTHING was a downgrade. The pixel 8 was worse than a 5 year old Note 9 when i upgraded. 
I only upgraded from Note 9 because Samsung stopped security updates after 4 years. I am pre-ordering the S26 Ultra the first chance i get and going back to Samsung.",NEGATIVE
28,Ugw1Znp0Wp5jNqiAWZt4AaABAg,Thanks jeremy was looking forward to this video!,POSITIVE
29,UgxcOPJI1imuw2CAi594AaABAg,Haven’t gotten a new iPhone since 2020 it might be time,POSITIVE
30,UgxFwl3l10bhbFsn-rd4AaABAg,“This case is so stupid” 😂😂,NEUTRAL
31,UgxXT4ciBe6MCtQjV7B4AaABAg,"I hope they give this device a few updates, and maybe make a sharing mode where you can connect to other nearby devices, including both iPhones iPads and Apple Vision Pros. Making it more connective.",NEUTRAL
32,UgxAHeSHYQ2o88Do29t4AaABAg,They ́re coming sunday for me ! So excited,POSITIVE
33,UgyHt4fpHpSU-aqLc1F4AaABAg,"Summed it all up in the beginning MKBHD:

It is still a pixel",NEGATIVE
34,UgyO1KNGOPYwoammlX14AaABAg,"In 10 years time we will look back at the Vision Pro and laugh at its size, while admiring Apple for making another revolutionary product. VR/AR is undoubtedly the future! 👓",POSITIVE
35,Ugws70Haei6UmPpCINx4AaABAg,What watch is Linus wearing?,NEUTRAL
36,UgwO6sAXJT974IXOs7l4AaABAg,It seems like a $500 with a $800 price tag..,NEGATIVE
37,Ugwg49RORkjoQ-RUX_54AaABAg,"Hey arun, do u play codm or u use them for benchmarks",NEUTRAL
38,UgyIvrdjKAleEXci0u94AaABAg,"I love my 17 pro max, have no issues with it. It just feels so much more durable. I’m not scared to shatter it anymore.",POSITIVE
39,Ugxh_z53o0lhDDTBChZ4AaABAg,"23:59 > ""Smartphone designs are always the same. That's boring.""
00:00 > ""Isn't it nice when things are where we expect them to be?""",NEUTRAL
40,Ugz7dP3HvpuNEukC1pV4AaABAg,I'm happy that HTX studio got mentioned by Marquess. that channel deserves a much larger audience.,POSITIVE
41,UgzP639a765IEopW6_V4AaABAg,2:20 you might be thinking of the Pixel 8. The 9 has the same ultrasonic that the 10 does. As someone sensitive to bright lights optical sensors that had to max brightness the screen were bad so I specifically checked before buying a 9 that it was ultrasonic and it doesn't increase the brightness to scan my fingerprint,NEUTRAL
42,UgzKP7KNIaOYQtaB0C14AaABAg,He mentioned 2024 as He must be a Trump supporter LETS GO BRANDON 👍,NEUTRAL
43,UgycNxQXca2nN3DrnBJ4AaABAg,Removing s pen bluetooth BIG L,NEGATIVE
44,UgxaxaLWuFZj7-lD1EN4AaABAg,Battery-charged headphones that can’t be turned off easily. That’s a no-go.,NEGATIVE
45,UgyjBsEFYGjRv-YNb7J4AaABAg,The device is great. Weird apology tour for not switching from his iPhone,POSITIVE
46,UgxtA12gQ_OmQb_3xwp4AaABAg,That intro is low key tougher than the official Apple intro💯,POSITIVE
47,Ugyo6V1sFeMPOrfTafN4AaABAg,Great quality video.,POSITIVE
48,Ugxbg59ABT-_-j_B1o94AaABAg,I'd totally consider them if it wasn't for that horrible case,NEGATIVE
49,UgxnLtjW5QhaoM5nv7d4AaABAg,“It better sound like God himself whispering in my ear” lmao,NEUTRAL
50,UgzgnqXIcED4Zx0j0-t4AaABAg,The second iteration will replace the M2 chip with M3 and replace aluminum with Titanium making it lighter... best to wait for the future generations?,NEUTRAL
51,Ugwww0rNRWwY3DJSbJZ4AaABAg,"Pen has no Bluetooth magic features for s25ultra,please upgrade",NEGATIVE
52,UgwvjYVTT-tP1Iherop4AaABAg,This cost only $100 less than Samsung s25 ultra @pda in Canada 😮 who would buy this?,NEGATIVE
53,Ugw81LSbuqnCjq6m_8V4AaABAg,At this level and price point the case might be a deal breaker for me.,NEGATIVE
54,Ugy6g7l2US7tckcQiOV4AaABAg,Man after you said eSIM only. That was my dealbreaker,NEGATIVE
55,UgxZ9SLS2Mc1LunCqTx4AaABAg,i think experience from the xm5s the unboxing and reviews of the xm6s should be the hinge durability,NEUTRAL
56,UgxXraqCJm7VTnkjGHx4AaABAg,"would you say it's equivalent to wearing airpods pro 2? I have the xm4 and the ap2, ofc the ap2 is better at anc and passthrough, but I dont want the little things in my ears all the time. I don't exactly have access to a physical store to test a pair out yet, but I do hope warranty is good for them as well",NEUTRAL
57,Ugz7W2TGPwR3Ne2l01B4AaABAg,我都 想买,POSITIVE
58,UgyKwC_AMbvm9qdAIYV4AaABAg,9:27 is just sealing the phone's inevitable gruesome doom,NEGATIVE
59,UgwJNAQ7kk4cp155jlt4AaABAg,I think too many people have seen the matrix for this to work completely so there should be like laws to restrict the use of it and keep people active which now that I think about it might be why the battery only lasts 2 hours,NEUTRAL
60,UgwXULPcE7zmGciBUIF4AaABAg,11:51 oh god my heart skipped a beat,NEUTRAL
61,Ugzu4seAKJZPlE7qH-Z4AaABAg,i reloaded the video like 4 times LOL,POSITIVE
62,Ugxz6y0pqA5prFAhAmB4AaABAg,Color choice is a deliberate marketing choice. They want you to be a walking AD for Apple even more,NEGATIVE
63,UgyhFAn4P1WWgCNgHCN4AaABAg,"Bought MBA/15, 16gb, 512gb.  Arrives tomorrow🎉",POSITIVE
64,Ugwz3kkUZuzoNsDT2Sp4AaABAg,"I bought an EDT version of this today based on Jeremy's recommendation. It was from a 2020 batch. I loved it the first time. It was so fresh, long lasting and projecting enough. Totally worth the buy.",POSITIVE
65,Ugxs0QtSzp-rX_5u0aN4AaABAg,"So as you said and lot of the top games on playstore are designed to work with $100 androids, is in fact the same reason you said you feel there's software lacking in other apps like zoom and even snap chat is a good one. Theyre optimized to run across a broad range of phones, as well as android versions. been a beta tester with Snapchat for years now, lost my beta tester features temporarily when i had an iphone, but I remember when I actually reported bugs they asked phone model, android version and couple other odds and ends. I didn't have a flagship at the time If I remember correctly I had a Motorola moto g, I know lol but they still took the report serious as the next update I no longer had a issue not being able to read messages cause I'd try, the screen would blip to camera and say I read the message and dissappear",NEUTRAL
66,UgyuUCApcT21IuLv-d94AaABAg,3:28 did you kill it?,NEUTRAL
67,UgxBJcvMbY5MX5jMTRZ4AaABAg,One thing that can mostly change things you don't like about the software is the Good Lock app. The amount of customizability that the app has to offer is ridiculous; it feels like you're making your UI.,POSITIVE
68,Ugw4Hum4mHOTOdmNwip4AaABAg,I love the edp best,POSITIVE
69,UgxBA6MOshrfoS8080R4AaABAg,"9:30 My thoughts exactly. I like the concept of this device for times when I’m alone but I like having my home theatre for family time. No way I’d be replacing it with this thing. Even though there are a few of features that supposedly help include the outside world, I’m a little concerned that a device like this would further isolate people regardless. It is a neat little gadget though and, although I am very much a Mac geek, at this price point, not something I’d see myself diving into anytime soon.",NEGATIVE
70,Ugzb2Ruq9EgMTcaRX714AaABAg,"I'm torn between which one to get next, currently having an s20+, I know either the s24U or s25U would be a nice upgrade just don't know which One is best.  After watching even half of this video I'm more enticed to want to get the s25U but if the s24U is a little cheaper and has some upsides with the s pen features and general day to day features than maybe it instead🤷‍♂",POSITIVE
71,Ugz3HG1uyiaN4rRXKUt4AaABAg,The level of professionalism of these videos is insane. Always good to watch these vids. Thanks buddy ✌️,POSITIVE
72,UgzjKI18fM8rs_huxiF4AaABAg,Eau De Parfum does it all,POSITIVE
73,UgylyTzPE7pzzNCdiIJ4AaABAg,"0:40 what an example bro, what an example, oh man nailed it",POSITIVE
74,UgyRCe48mA7dRopP3fF4AaABAg,I bought one and I love it.,POSITIVE
75,Ugy0gW0ugpf973uOofB4AaABAg,As someone who watches a lot of old stuff the fold 7 is perfect for 4:3 video im surprised you didn't mention that. And in my day to day I don't think I've ever seen someone use a phone without a case either so the camera bump isn't a big issue for the regular consumer. To me it seems like you aren't a foldable person.,POSITIVE
76,UgwrPJRC77jLa2JM7fh4AaABAg,0:52 intro just cinema 🙌,POSITIVE
77,UgzEgvkuvkzGn1PHmaN4AaABAg,I just upgraded from the 13 pro to the 17 pro and I can’t tell the difference lol I also upgraded from the 2018 IPad Pro to the M4 IPad Pro 12.9 and I can’t tell the difference,NEGATIVE
78,UgxijIVSJLUeh12uqgl4AaABAg,"The visuals, editing, camera angles and video quality in this review are so good, I wouldn’t be surprised if there’s an MKBHD studio and production house coming soon.😎",POSITIVE
79,Ugw5qiRr7k64ey4DS-N4AaABAg,"Release an upper mid-range specs ($450) with flagship killer theme ($600)
Then let us call it a flagship & sell it for $800
Yeah sure, I'll keep my S23 Plus, probably won't change until S26 FE or whatever $800 flagship next year or 2",NEGATIVE
80,UgyH3fJbyuxuLMdlT6B4AaABAg,The primary purpose of the Neo is its price point. Period. Any other discussions about it are secondary.,NEUTRAL
81,Ugx2tcbU2LOnyZG49-14AaABAg,I layer both,NEUTRAL
82,UgwSVSdbHNMUxbSxsf14AaABAg,"Nice video, but really, as a 16 Pro Max user, the S25 Ultra is the best looking android(and phone as a whole) I’ve ever seen! It’s just perfect from a design perspective now. Although for the innovation part (The stuff that makes Samsung the company they are)- This year it’s bad, literally nothing new, nothing! Only a couple of AI features that the older models are also going to get probably. The S25 Ultra is definitely a great phone, but perhaps for the ones, who are upgrading from an older flagship…",NEUTRAL
83,UgwhQxoZXybA2QrKbQl4AaABAg,"Which one lasts longer, edt or edp?",NEUTRAL
84,UgxWPAQQ_cl0UjUaZYp4AaABAg,"30 Hours seems very low, especially since soundcore q45 last 50 hours ANC on",NEGATIVE
85,Ugz1cqitKoz_UoOaguV4AaABAg,"That screen on the back is basically what OnePlus did years ago with the notification LED, just on steroids. I though I'd miss it after they got rid of it. Turns out it's much healthier because I tend to ignore my phone more often when it's not constantly blinking.",POSITIVE
86,Ugyp4NtE5_HU_a8ncWB4AaABAg,People complaining about the GPU are the same people with a 5090 to play Age of Empires,NEUTRAL
87,UgyXaPsoxoXSWI7pyOB4AaABAg,"5:47 today , less than a month after iPhone 17 release, i saw an already old and chipped looking iPhone in one of my customers hands",NEGATIVE
88,Ugxi5UXlpGcoXz0uwxt4AaABAg,As a VR user. The way you described screen door effect is perfect.,POSITIVE
89,UgzAqeE_HKdvgWpgn4x4AaABAg,Planning to buy M5 Air soon ❤,POSITIVE
90,Ugx2SJOxFQzTT1tOvUR4AaABAg,How is that his intros alone are better than Apple? lol 0:18,POSITIVE
91,UgysIg3Gcd-5cFmi4HN4AaABAg,"""Something is better than nothing"" ..
                                           
                                           - Oneplus",NEUTRAL
92,Ugzy-OOPvoLlJAlaWsl4AaABAg,I was also a team No Case/screen protector person for a while. Until my phone slipped from my pocket and landed face down on my college tiled floor. The sound was so satisfying 😢 but my heart was more shattered than the screen,POSITIVE
93,Ugwyn5QkgakrnuFfjzt4AaABAg,Im here considering changing to a pixel for my next phone. Currently using the S23+. It updated yesterday now it has a green stripe going vertical. I Don't know if i can trust Samsung this is happening to too many people too frequently and samasung doesn't care,NEGATIVE
94,UgzPgpD3WT2pdI3MEHx4AaABAg,I just got them and they’re pretty awesome,POSITIVE
95,Ugz9Fez_1jKMREbC9CN4AaABAg,"Can u review the IPhone SE gen 1,2 and 3",NEUTRAL
96,Ugy5UyBOYtfbkHmy0554AaABAg,Does it have a headphone jack?,NEUTRAL
97,UgwOTQ-jIhP5AMhVQXZ4AaABAg,"I litterly ran into the same Best Buy ad 3 times, all which stared Marques Brownlee, while watching this video.",NEGATIVE
98,Ugyi-uZarZ9DRVomKHt4AaABAg,Already bought it but I caught that you're in 2024 so good to know it'll still be relevant.,POSITIVE
99,UgwM5kLAU20tLqxRvvJ4AaABAg,"I have the 1000XM3 and they are amazing. The only downside for me, is the heat generated inside.  My ears are sometimes sweating and it's a bit annoying.",POSITIVE
100,UgzPwX04cZpv_xQ6_XJ4AaABAg,The camera wobble negates the thinness,NEGATIVE
101,UgwTAvMGtHlqml7NsVx4AaABAg,"Why did they round the edges like iphone. Much prefer the sharp corners. More professional, better looking.",NEGATIVE
102,UgyQEUVFPCvfih8GPMB4AaABAg,"I love how we went from 3D app icons, to 2D flat icons, then back to 3D 😂",POSITIVE
103,Ugw6bUmGX5gTx9rdgTV4AaABAg,"7:00 because tech youtubers are content creators more than content consumers. I have a fold 2 and regularly use the inner display for Youtube, sports, movies. Also, as someone with not so great eyes, its great for PDFs and books",POSITIVE
104,Ugw3vBFmQebZT_7ChXV4AaABAg,"I like it. It looks different from other phones. I just find out that the glyph display at the back shows the music title, when you playing a song",POSITIVE
105,UgxtwIrCj7R-BMIlZRR4AaABAg,They look like a product people in the 50s would think look futuristic.,NEGATIVE
106,UgyOJwiuVwumdPFA_Mp4AaABAg,Thank you for this review! You explained it perfectly. As a music producer I understood perfectly when you said they are more on the consumption side than production side. I thought they were closer to the production side. Which is why I wanted to buy them. Now I know to save my money. I will settle for another pair of AirPods Pro. 5 star review.,POSITIVE
107,UgzKy5Jm12idh0A4dz54AaABAg,"Arun,  just went on explaining the psychological, economical and even social psychology issues that would face from this groundbreaking tech. Eventhough we love to see this kind of tech. It just resembles that we are heading to a very kind of a dark era in human race.",NEGATIVE
108,UgwyLMvc7Rvl0loabmx4AaABAg,Drop the Studio Display xdr asap,NEUTRAL
109,UgzfybJxcXEzyqHrb4B4AaABAg,"i tried these on in the store, the noise cancelling was so good in the loud busy store that it annoyed me to take them off.",POSITIVE
110,UgwFqrdREwxPP3ZkUkl4AaABAg,"The lack of shared experiences is a very valid point. This is especially important in my own area of interest: Education. I’m still trying to come to terms with how this could (and whether is should) be integrated into classroom experiences. Especially in terms of personalization and group experiences. It’s not a completely easy decision, but I am pretty certain it will have some place in learning.",NEUTRAL
111,Ugw02-XH9v6uzUR9AOd4AaABAg,"I have XM4 and taking detection on teams Call, basically disconest caller and I am left talking on my own. interested if this is same thing with XM6?",NEUTRAL
112,UgwVagnT-WP1ioTxf-x4AaABAg,"The question is, ¿Would be possible to play Doom on the little screen? 😅",NEUTRAL
113,UgyoRsd-KQa2ip-W48Z4AaABAg,6:05 Bell sound like he used to ask Matthew Broderick if he “wants to play a game” in 1983.,NEUTRAL
114,UgwVokiBMEbCL08D5DF4AaABAg,I’m happy as hell my iPhone 17 pro max 1tb finally came in ! I’m watching reviews for no reason at this point !,POSITIVE
115,Ugy6GHApFL3BBA2hivV4AaABAg,"its crazy seeing how apple has been secretly developing this right in front of our faces. by introducing lidar into iPhone and iPad, nobody really needed lidar and was kinda weird that they added the sensor to an iPhone and iPad, and then spacial audio for airpods, and apple silicon, all of these things then coming together to make apple vision pro is crazy to see.",POSITIVE
116,UgxVczrE9ktzvFzbu5B4AaABAg,Your content these days are way too attractive to watch. I love how you play around with the animations and effects in the background,POSITIVE
117,Ugz94LdA_b9m0DBUOKR4AaABAg,is its audio quality better than the momentum 4s headset? because i kinda expect that when they are almost twice the price.,NEUTRAL
118,UgxmgolVpnAGI9gDEU14AaABAg,How can Mark spin it this year for the infinitesimally minute changes Apple comes out with this year?,NEGATIVE
119,Ugz0bmmK9CRc4yrpeWZ4AaABAg,Kindly do a comparison between Realme GT 7 and Vivo X200 FE 🙏🏻🙏🏻🙏🏻,NEUTRAL
120,UgwCG2FXExgZk0QKnIF4AaABAg,"While I’m glad Apple entered this space as they will bring their innovations, partnership reach, and influence, I agree with you that they have rushed into it! While being an  unaffordable gadget is not unusual for Apple, the fact that it’s heavier, bulkier with battery hanging outside that last two hours, no haptic feedback capabilities, and no mind blowing features that we haven’t seen from older Meta Quest 2, this does feel rushed.  Having said that, I’m sure they will move miles as they have with generations after generations iPhone releases.  We just have to be patient 😅",NEGATIVE
121,UgxdRNmXM4XHxZXMj-V4AaABAg,I had the previous model and I bought them for when my landlord was redoing the stairs for the whole weekend... Turning on the noise canceling and playing games blocked out 95 percent of the construction sounds.  Life saver.,POSITIVE
122,Ugw9sVj0u2QTDHYUDbZ4AaABAg,"I have a 2020 MBP Intel which now needs replacing and was considering the Neo, but will probably get either the M5 Air or the base MBP -- I produce music with Logic and thought the Air might do it.",NEUTRAL
123,UgxCjTIWAy8RkgUGpXJ4AaABAg,"""The case is so stupid"" 😂",NEUTRAL
124,UgxzRqAMxFtTdUQZ4Gp4AaABAg,Wore this today.  I prefer the Parfum then EDP over this but still this is a great one,POSITIVE
125,UgxggE5FHFNDk5Xsc0p4AaABAg,"Fuck I gotta come back and watch this later on a better screen, that intro needs be on a bigger screen than my phone 😂",POSITIVE
126,Ugy4i9b70Tn68lfiagZ4AaABAg,Just purchased my macbook air M5 for youtube editting,NEUTRAL
127,Ugz6FlvPjjeZDY_mkCp4AaABAg,Thanks for making this easy to follow.,POSITIVE
128,UgxyB-_lPur2gzlEkNJ4AaABAg,"KNOCK KNOCK !! BRO, WHERE IS YOUR VIDEO FOR IPHONE? EVERYONE HAS UPLOADED. WAITING FOR YOURS DESPERATELY.",NEUTRAL
129,UgyBQpApws8eDpfFbdB4AaABAg,3:27 Meanwhile Arun playing bhojpuri music in the background..,NEUTRAL
130,UgybQuJFHRLcfTPQK4R4AaABAg,"I'm a simple man, when i want to buy parfume, i listen what jeremy said :)",POSITIVE
131,UgyZV9bGiJEMEEOTfgN4AaABAg,"It's funny because I would NEVER in a million years buy this (even if I had the money!), but I just love to sit back and appreciate how nice these headphones seem.",POSITIVE
132,Ugzo7pzO39vwpsOG9Vd4AaABAg,My dude has 1.44 million subscribers and gets 100k views max...,NEGATIVE
133,UgwRCahJUAJMNWmF6l94AaABAg,The focus shifting or what ever it's called was amazing 🎉 0:38,POSITIVE
134,UgyNYeZpan1btKw6rd14AaABAg,"6:16 my thoughts exactly, I got orange bc it was actually pretty neat in person but still black is always the cleanest color on phones",POSITIVE
135,UgzhsB-EsLQ-5x3Uh8l4AaABAg,Nice to see the tried and true Sony tradition of having the worst possible names for their products.,NEGATIVE
136,UgxewvKcgDmBninjgcp4AaABAg,"As much as I love the neo, I really think that this is a better buy for anyone who can afford it. 

As mentioned the hardware is so good it will last for many many years and offer better value in the long term. It feels like the neo will be showing its age in 3 or 4 years.

Also I just can't get over the lack of a kb backlight on the neo. It feels like a basic requirement on a 2026 laptop that costs 599.",NEGATIVE
137,UgyFYAyDlgVA89GKRDd4AaABAg,Looking forward to next week's review on the new ones 😊,POSITIVE
138,UgzPNJLpq9oztWiObDp4AaABAg,"Just bought a 15"" Air yesterday at the Apple store...waiting to pick it up Wed. morning for the ""launch""..... Upgrading from a M2 Air. Can't wait to get it. (was $1300+ with tax for the base model...just fyi)",POSITIVE
139,UgwssFTaBcVUwLKSAot4AaABAg,"The find N2 was my absolute favorite form factor as well. If samsung would release a zfold just like that but as thin as the zfold 7 that would be my dream foldable, just the perfect size.",POSITIVE
140,UgyWreqWQknQoM5jnNZ4AaABAg,0:00 apple should use this as an ad for these headphones 😳,POSITIVE
141,Ugw5EVn70uhFTVHHveh4AaABAg,"17 Pro Max is amazing! Loving mine and the camera is incredible. 
Got it for pictures of my newborn and it’s truly awesome! Upgraded from the 15 pro max, yes titanium is amazing, I felt the hotness form charging/almost overheating. 

No issues with the 17 Pro Max. Highly recommend it.",POSITIVE
142,Ugwpy8dCNgIBWTaDIAt4AaABAg,Man I wish I could get a MacBook. I’m in Dual Enrollment (highschool and college classes) and I work with graphics and video editing but I have an HP Chromebook and can’t even run Photoshop on it without it lagging/crashing,POSITIVE
143,UgyKiTh3nwgz-7eCLEt4AaABAg,Ordered the second I saw them on Amazon 🙈,POSITIVE
144,UgxJntaxK3YRhZ4pqhJ4AaABAg,"ive had 4 pairs of xm line headphones, they all break between the band and earcup 1 year after purchase, like clockwork.",NEGATIVE
145,Ugz1YV2Lb83IAWxdoYh4AaABAg,The AI on this phone reminds me of Cortana on my old windows phone. I would say hey Cortana remind me when I get home to look up the S25ultra camera settings and it would do that spot on when I got home. I miss that function.,NEUTRAL
146,UgwHj2KlX4rr5D7p6GB4AaABAg,Funny how nobody noticed the words are no longer on shift return tab backspace keys,NEUTRAL
147,Ugz7zlvWy-pbfex_UuB4AaABAg,"Idk, they are having AI that also could work by cloud. But their process only on device option in the settings, it's written as a safer option and prevent collection and processing of your data 😅",NEUTRAL
148,UgxswXnPeaXmOEXe6Fh4AaABAg,when will be Xperia 1 nark 7 video coming?,NEUTRAL
149,Ugwe_N1E4i_3RK3-J7d4AaABAg,The item scanner and see how much it costs is a big +,POSITIVE
150,UgwEg6pNgjc5U0kHLVd4AaABAg,"I have been using the Fold 7  for a couple of days and it is definitely a complete different device than what the Fold 6 was.  It is so freaking slim, I have to learn to use it, even when coming from the Fold 6. One thing is for sure, this device is not for the regular phone user. This device i think  is mostly intended for lawyers who need to ready lengthy documents, architects, Engineers', Doctors and any other person who needs a big screen to read or analize documents.  For gamers is also good, but I would not spend this amount of money just for the gaming experience...  Youtube is good, but the watchable area is very similar to the regular smart phone, so no big improvemts there (in my opionion).  I mostly use it because I need to read excel  spreadsheets on the go and pdf quotations which makes it a ot easier on a big screen.  Otherwise I would need to carry a small tablet to better analyze them.  That is my thoughts on this device.....",NEUTRAL
151,UgyD0yCKz2jiT0lOgf54AaABAg,I am waiting for the second generation of this product.,NEUTRAL
152,UgxxUtWGojyIZZJ214F4AaABAg,honestly 2015 and 2026 are almost the same. 😂 The only issue is a lot of software isn't supported on older Macbooks anymore. Otherwise I would still be rocking my 2013...,POSITIVE
153,UgwvOFEavWRFMaJIx3F4AaABAg,Guess Dave’s dream couldn’t survive the first crease.,NEGATIVE
154,UgwIHNaUrjFdL3tiG_Z4AaABAg,"I think it looks cool, I just bought the 16, upgrade from 13 mini",POSITIVE
155,UgzNhi0W9Fhvir8affh4AaABAg,"I'm here from the future to tell everyone that I absolutely love this phone, having had most big Samsungs since the Note 1. It just looks gorgeous and does what it has to do in a very smooth and pretty way.",POSITIVE
156,UgxTKAKDkuFbdHxm6T54AaABAg,Bro made a better commercial than Apple 💀,POSITIVE
157,UgyaPxzOfplFI-TWRVB4AaABAg,What’s the name of the wallpaper?,NEUTRAL
158,UgznQc3mVYdkuX-FWl54AaABAg,"""but this case is so stupid"" 😂😂 had me rolling",NEUTRAL
159,Ugw894sXX9tnU8F12H14AaABAg,perfectly happy with my fold 6,POSITIVE
160,UgwJakDGfnbarfexPAV4AaABAg,Wish they would have also had some comparisons to the XM4.,NEUTRAL
161,UgxOxDUz59BBswTFzAB4AaABAg,"10:06 - Linus said crying baby, not Waluigi impression.",NEUTRAL
162,Ugzl0aIlTESUBYxn50F4AaABAg,You can't forget the Neo when it's half the price. I've just purchased 2 x Neo's for my college kids for more or less the price of a single Air (Australia). They've nailed the brief. Macbook Air for me ofc.,POSITIVE
163,UgzuJWGfr7hYTZfcUAl4AaABAg,"Beware of charging issues, this phone doesn't charge at all with fast charge and normal charge is insanely slow.",NEGATIVE
164,Ugx7qcD5qLSHG8OauMZ4AaABAg,Why do you use $ when you live in the Uk?,NEUTRAL
165,Ugx0A37K5Ro0Xr07M_14AaABAg,2:25 I work in a machine shop my XM4s are so great for protecting my ears. They block everything else out so I can hear what I need to hear.,POSITIVE
166,UgygmfbiRxh8slkqntN4AaABAg,You bought the Kurzgesat Imune book.... 📖,NEUTRAL
167,UgyMTnHxdFKvbHSjmvd4AaABAg,"Wow, 9hrs since posting vid and 1,284 comments and counting.  Have not even read them yet though feeling you hit a nerve.  Back in the day I had a fold phone called an Axon M (think it was called).  The 2nd panel was crazy thin, like I figure the Fold 7 though other panel was thicker.  
The unique thing about it was it had coding so that when words spanned the two panels, a character or two would repeat on the 2nd panel such that you could understand the missing letter(s) as you read left panel to right panel.  I wish MS Duo 1 & 2 offered that feature though since it did not you would miss a letter or two as the text flowed from the left to right panel.  A MAJOR fail on MS part I offer.  Though MS did make it a 'book' shape aka a bit wider then other, later to be released fold devices.

Just played a video on the Duo 2 and indeed it does not have massive black bars top and bottom though of course it has that gap between panels which is an issue to watch videos full screen.

I concur about not using multiple floating panels on a fold device.  Have enough issues trying to do it and have all flow nicely on a small MacBook air laptop at times (a windows guy I am mostly).  

Have a Fold 5 and did use the S Pen now and then though not too much.  You make good points concerning the seam in the middle though yes it is something you get used to quickly I feel.  Just hoping the outer screen will be wide enough to live it it for a few years though miss what MS Duo could have been if they had released a Duo 3.

And like you, I mostly just use the larger inside screen for media and news content, not to create content and am ok with that.   The Fold 7 went on a diet and buyers will benefit for it having gone to the gym.
Nice video, thank you",POSITIVE
168,UgwMtIPszqGSWkKjwMl4AaABAg,"Currently on my 3rd replacement of AirPods Max. Cannot recommend, same stuff breaking each time: the head detection sensors and the on/off system with the case (every time within 3 months). Such a shame, ‘cause its noise cancellation, transparency and sound quality I think are genuinely the best I’ve ever heard",NEGATIVE
169,UgxYLzX2HH6s6BEcHod4AaABAg,i want to buy sauvage but i dont know which one should i pick edp or edt,NEUTRAL
170,UgzsZVb-8PQs7XZgOE54AaABAg,"Plus the mechanism ends up damaging the screen after a few years, no matter how careful you are.",NEGATIVE
171,UgzLRsfWkW_E_JsMCgJ4AaABAg,"Well to be honest air M5 is overkill even for 80% for mac users (including me) who mostly use it for browsing, making spreadsheets, replying to email & chats, watching movies and so on. I bought the M4 because I wanted the 16gb of ram and I wanted it to last as long as possible (my last windows laptop (lenovo yoga) croaked prematurely just after 3 years of use). If someone upgrade from the M4 to M5, they're just simply wasting their money.",NEGATIVE
172,Ugx7s65_qrHTVsM9sFt4AaABAg,"For a fold phone, being able to browse 3 different platforms is game changing",POSITIVE
173,UgzQb1BBIoytKGjR2gN4AaABAg,I was expecting you to have first impression videos of the iphone 17 series already? This is unusual,NEUTRAL
174,Ugx1yWPs-KBbCnmRO5Z4AaABAg,"Great breakdown. The M5 Air feels like the sweet spot for most people: enough power, no fan, and still super portable.",POSITIVE
175,Ugy2f6aucSMSDdFJjy94AaABAg,JESUS 1 YEAR ALREADY,NEUTRAL
176,UgyB9QjqTwNnWU6t_Nt4AaABAg,It's folds!!!  I'm sold!,POSITIVE
177,UgwrNOqpdQXhpsaAcXZ4AaABAg,"Your thumbnail render is missing the cutout. That almost ruins this phone for me. I went in blind and ordered instead of fold6 insurance claim and im pretty salty. Also. Phone literally sit parallel with fold4 on my table because of cameras, not usuable on a table with 1 finger.",NEGATIVE
178,UgwsXYOB2wF_GYK0EjJ4AaABAg,Let's hope the hinges have no problems...,NEUTRAL
179,UgyJ_-0VFFVQdBc07KN4AaABAg,"Im on iphone and this brick is a no go for me, however the flip is definitely some id get if apple offered it.",NEGATIVE
180,Ugxkit8srIHjhC7ip1h4AaABAg,"Great breakdown, Jeremy.  You know your shit..",POSITIVE
181,UgwUbo-2xc8nKTgTxO14AaABAg,The intro is what I expect to get after paying $550 for these....,NEGATIVE
182,UgzblRqXBweGMCaoIL94AaABAg,Overrated phone,NEGATIVE
183,UgwpvchfCke7m3RkD0d4AaABAg,Marques with the silent acknowledgement of the Indian market with the INR price tag.,NEUTRAL
184,UgzCO8--QM5fuTCnMuR4AaABAg,Wifi 7 .. please do a speedtest of wifi on different phones,NEUTRAL
185,UgxdKeMm4zk9XidR69t4AaABAg,I have been using this phone for past 4 months best phone in the world and thanks noone is buying it because i got it best deal on worlds fastest phone love it. Pen with Bluetooth hardly use that.i have been using iphone for 7 years put my iphone to dust now doing nothing,POSITIVE
186,UgyBKdhprVrrj7ZtV5t4AaABAg,Do they snap like the old ones,NEUTRAL
187,UgyLgoKlYVstgACUdI54AaABAg,13:46 the daily briefs need some time for the algorithm to catch on. I've never used it but after having my pixel for a couple years now I've actually started scrolling it now and it does a good job,POSITIVE
188,UgxAOSXIce3IFATbDBd4AaABAg,"Jeremy i just got myself 
1- Mancera cedrat boise 
2- De marly Layton 
3- Dior Homme intense , 

i liked them , what do you think of these 3? good choices?",NEUTRAL
189,Ugxup2q2KllAqpXjond4AaABAg,For that price range we should be able to hear “P” in pneumonia…,NEGATIVE
190,Ugw47z-dqcbBQGYy_aN4AaABAg,"I like the way this phone looks. It's wonky aesthetic harkens back to how smart phones used to be, when they were fun. 

My main issue was the price.

Pairing this with one of their wireless bud sets would have been a phenomenal idea for the original price.",NEGATIVE
191,UgzafWLc-hguuF4IUrt4AaABAg,"He was trying too hard  NOT to call the case a ""bra""",NEUTRAL
192,UgxUj7g-torOLkFT5Jl4AaABAg,"Ok the auto tinting glasses is a cool concept. The less sunlight the less tinted your glasses get, awesome tech.",POSITIVE
193,UgxyWQgdKuzNrff_o754AaABAg,"1:16 Not because they are right up next to the screens, but you watching them through basically magnification lenses 💟",NEUTRAL
194,UgwuHEh26AvU5iJ6Zal4AaABAg,I preordered immediately and have been loving my 17 pro since we got them but still enjoy watching your reviews,POSITIVE
195,UgwsTXoLZ1yYGI1lAzV4AaABAg,It's more money but cheaper than before !,POSITIVE
196,Ugza-FyJr1p6n0R_t7d4AaABAg,$69 for replacement... Everybody skipping the headphones and just buying the replacements,NEUTRAL
197,Ugzxkep1JUWoU4-lTPl4AaABAg,What is EDT????? Someone help!!!!!! What does EDT have to do with blue de Channel? What is stands for ?,NEUTRAL
198,UgyCOCUJMZiONMV1qT54AaABAg,"4:38 ""I just want a big ass screen."" --Dave in 2025.",NEUTRAL
199,Ugwf2hz53W7q51I90Et4AaABAg,I don't even use gemini or the AI on my s25U,NEUTRAL
200,UgwjT21k5F8qgoVORLl4AaABAg,My favorite version is the parfum but honestly you can’t go wrong with any of them,POSITIVE
201,UgxzGgPdU-BQGR_tsRt4AaABAg,3:25 not the gawddamn after the price comparison 😂😂😂,POSITIVE
202,UgzotnbJ4jwrpYvJ94V4AaABAg,"I think the reason there is no ""black"" or ""dark neutral"" color is because Apple is trying to use color to distinguish its products from others, and thus serve as a sales/marketing strategy. If they offered darker colors, then it looks very similar to other competing products. By having these ""quirky"" colors like orange, it is really  obvious to others who has the iPhone17 Pro (assuming a case doesn't cover up the color)",NEUTRAL
203,UgxWoclXPtDq5XijcTF4AaABAg,Thanks for the most honest review,POSITIVE
204,UgyqTOxYQx0qPmj34Op4AaABAg,"I think its amazing. I've known this has been coming for years but I wasn't expecting it so soon. I do wonder about something though. I haven't heard anyone mention anything about wearing this device while driving. I don't think it would be safe to wear but our current laws don't account for the headset. Do you think people should wear it while driving? And if not, do you think they will put laws in place to prevent it? I wouldn't want someone hitting me in the backend because they were distracted.",NEUTRAL
205,UgyFaOaxLpW4tQNOSZd4AaABAg,Jeremy in 2024 0:09,NEUTRAL
206,UgzgbnR0q_4p5gVRaq94AaABAg,2:10 This is a damn lie the inside screen is even better this year only truth is the speaker being worse 😂😂😂,POSITIVE
207,UgzOEdT4yO9SW23OHQl4AaABAg,Had the XM4’s since release and these might actually be worth the upgrade now. Totally going to pick these up after a few months of its official launch (see how they hold up to the public),POSITIVE
208,UgwR2U_zMu6-eZp-l6t4AaABAg,This guy still looks like his younger brother Panga in 2025.,NEUTRAL
209,UgwOz5UnGRjjq0FD4d14AaABAg,so can it game,NEUTRAL
210,Ugzo4AtJiXcSsmmbttZ4AaABAg,What an incredible well balanced review of something we dream of owning,POSITIVE
211,Ugz2w_f3-1o3pYHXWjh4AaABAg,"New MBA 16/512 13inch M5  or Used MBP 16/512 M4, year old, 195cycles, 99% being sold at the same price as Air?",NEUTRAL
212,Ugzt8GFyVNRz8gKnm1x4AaABAg,"finally watching 2024, still relevant because he was gonna say 2024.",NEUTRAL
213,UgxM2oWuV3IhpiC7O6N4AaABAg,Loving the intros 🔥🔥🔥,POSITIVE
214,UgzXiU9L4sOEad9GQe14AaABAg,Call of Duty Leaderbord Player (global Top 1500): I upgraded from S23 Ultra to S25 Ultra and I can say: The Improvement in Performance is massive. The gameplay is smooth like never before. Recording videos parallel to gameplay is now possible without drops in framerate. S25 Ultra is a fantastic phone in every aspect and I love it so much. And the S-Pen? I don't care one bit for it 😂 Thanks for the video 😎 👍,POSITIVE
215,UgxXmfYaaWWvZdBLKiV4AaABAg,I'm dying how hard you went in on this case though,POSITIVE
216,UgxCqssjvyZkaUNiBNN4AaABAg,"Honestly seeing all of this groundbreaking tech inserted into a vr headset, that 3,5k price tag isnt even that ridicolus",POSITIVE
217,Ugyltr2CTux12Cyw19F4AaABAg,"Separately, if you see the spotted bug out and about that he took pictures of at 3:26, please squish it… they are extremely invasive in the states and are killing our native bugs. It’s called a Spotted Lantern-fly.",NEUTRAL
218,Ugw3RMoCJRk7ilXyxbp4AaABAg,I thought the 9 has an ultrasonic fingerprint sensor 🤔,NEUTRAL
219,Ugz_oyfqImGdLjuxWzF4AaABAg,It was a shock when you brought out the 2015 model. It's the exact laptop I'm watching on! It's been a trusty machine and I'm just about to finally take the plunge on a replacement - M4 or M5 air,POSITIVE
220,UgwUB43eKCq3ak1_O3p4AaABAg,"I've had the pixel 2 and 6, looking into the 10. Pixels last for a good 4 years of heavy usage, battery life definitely depends on extreme battery saver in the last two years. Eventually bugs start being annoying, my Pixel 6 microphone and filming abilities just randomly went down the tube. 
Nice phones for the price if you get them on sale!",POSITIVE
221,UgwHsWf6yBULzkL7KV54AaABAg,“They better sound like God himself whispering in my ear.” lmaooooo,NEUTRAL
222,Ugx6ZXLb-MlTU5p6OrJ4AaABAg,So Mike Ross is making Youtube videos now?,NEUTRAL
223,UgxZUML9QnDS_xJO-qh4AaABAg,"Bought it, and grew to like it, now other phones are not appealing to me anymore.

But yeah but the price is a bit expensive, good thing it has two years without interest. LOL",POSITIVE
224,UgwwZpxLRHnlGYK1tDN4AaABAg,"I can get a 1,000 trade in on my Samsung 22 so that leaves less than 300 on the new one plus a watch s7 for 1.99 a month.  Great deal",POSITIVE
225,UgwySlpSnepWm0DNpzJ4AaABAg,It's my signature fragrance I get massive amounts of compliments my most favorite is a sexy woman told me I smelt like the best pice of driftwood in the clearest part of the ocean and I rubbed it on my body buy it I have two bottles!!!,POSITIVE
226,UgxhVgG3RipemaVkp6t4AaABAg,"A pretty cool concept and I’m interested, but I think gathering with real people versus social media and you got to get out and enjoy life some",NEUTRAL
227,UgwGU8ofcsDQazuv94d4AaABAg,Listening from Vancouver bc.  Nice work,POSITIVE
228,Ugy1Tl8lfly4tqC3xeN4AaABAg,Dude where 17 promax?,NEUTRAL
229,UgwUJAbAGhhY7oUIxQx4AaABAg,i think the oppo find n5 or whatever it is called seems to be the better choice still,NEGATIVE
230,UgwQlsbwSwyU5JrHM1R4AaABAg,"Removing features like micro sd, pen Bluetooth, headphone jack, and just making the phone a bit faster is like removing your cars entertainment system and air con; and instead giving you a bit more horsepower. It's speed I'll never use, for the sake of features I use daily.",NEGATIVE
231,UgyaBlXVuD_GcwkBGV14AaABAg,"The S Pen Bluetooth, the people that used it as Camera Shutter... know how much useful it is. There's so many scenarios omg",NEGATIVE
232,UgxxmsI9b-eWmiiETPF4AaABAg,14:00 how do u type like that?,NEUTRAL
233,UgwujQcudl153-HWpQF4AaABAg,"The iPhone has a small but very quirky feature: when you block a number, it also blocks WhatsApp calls without blocking the person on WhatsApp, but they can still send messages.",NEUTRAL
234,UgxrnYULneyA-hRLvGh4AaABAg,I'm mostly more concerned by Apple having the ability to constantly monitor everything around me with sensors so granular that if they wanted to they could insert someone else into living the exact same experiences as I'm having.,NEGATIVE
235,UgwEBEp6VWXVlIbDtid4AaABAg,can you test over ear headphones with glasses?,NEUTRAL
236,Ugy3jFl-QWhqYel8hBp4AaABAg,"How would you say the compare in regards to the “pressure“ feeling that most noise canceling headphones can cause.
I have yet to find a pair of noice canceling headphones I can tolerate for more than 30 minutes because of it",NEUTRAL
237,UgyXRw3I8d1FWgixx514AaABAg,"The noise cancelling on the XM5 is absolutely incredible, so if it's been improved on the XM6 then it's well worth it.",POSITIVE
238,Ugz-do2mnQ3pIlPeKj94AaABAg,1 thing i hate is they reduce the thing the we can do with camera while upgrade the lens. Manual mode is now disappear. Haiz,NEGATIVE
239,UgyGreOGDJB-MFEi4Vd4AaABAg,"Hay nothing ""lose the Glyph cut 100$ and you have a winner"".",NEUTRAL
240,Ugx9Puxx06uaFrcD51V4AaABAg,Thank you Tom.,POSITIVE
241,UgyFSi1n3V-s29PldK94AaABAg,"Would have liked to see a comparison without frame gen, I want to see what it's capable of doing, not what it's capable of faking.",NEGATIVE
242,UgwEubqgovsZE2UAm4p4AaABAg,Iam watching this video using my new Google 10 Pro XL😊,POSITIVE
243,UgzJZQJOsFPLtUHNEwZ4AaABAg,What watch was you pair with this fragrance? I personally like the Raymond  Weil Chronograph.,NEUTRAL
244,UgxyqM8Qdp3ZDN74sp94AaABAg,"Possibly they are using gemini flash 2.5 😂.
Allow thinking mode that will solve your context problem",NEUTRAL
245,UgzgIPTsQMkH8GImwT14AaABAg,I like that wallpaper and design,POSITIVE
246,Ugz1SKjTFvQGBSrbmDZ4AaABAg,"The oppo has the perfect screen ratios, easy to use phone screen when closed and landscape tablet mode when open",NEGATIVE
247,UgwxCxyRr_F4DOc_sKl4AaABAg,I love the part “it better sound like GOD himself whispering in my ear”,POSITIVE
248,Ugww7QsmHTeqDA0OkLR4AaABAg,"While it can cause more isolation , I think leaning more into the AR feature could have a lot of incredible group things . Like it could change education forever if they can connect them for a shared viewing , you could take you students on an AR style trip to ancient ancient Egypt , explore the stars , break down molecules like never before . 
It could have a lot of benefit for social style gaming , things like paintball , sports , archery , hell even trading cars games yugioh projection stule could be improved with AR too . 

This kind of technology can do incredible things but also detrimental things , it’s up to us how we use it at the end of the day but it’s important we ask ourselves what we want to get of technology as we advance more and more",POSITIVE
249,UgwzugpY13Li4pEhXqx4AaABAg,2 of the 3 quarks price and metal. They go hand in hand. I'll keep my focal elegia and fiio btr5,NEGATIVE
250,Ugz7IzXUc7Cbe0IFZht4AaABAg,"Very valid points Dave

I am a fold user and there is something magical about folding a phone and that makes it special and that's the reason I own and use one. The feeling of something different is something making me buy foldables.",POSITIVE
251,UgwRLwq0HXP_5yHvg5R4AaABAg,4:46 are you kidding me? what a non product,NEGATIVE
252,UgzgVqn_DxJrrSJy8Gx4AaABAg,"Do S25 vs iPhone 17, @mkbhd",NEUTRAL
253,Ugw5ddV72Joaj8wjgzZ4AaABAg,"Intro was amazing as always! I like when companies swing for the fences a bit with hardware design and ideas, but I think it was a swing and a miss on this one. I'm sure it'll still sell very well!",NEGATIVE
254,Ugx_cQXSmheXGE5tqox4AaABAg,I'm really interested in hearing about these. I had a pair of the xm4s and three broken pairs on xm5s.,NEUTRAL
255,UgwcsQWZRJWIQEQv5uJ4AaABAg,"I know they are old. But could you review the Arctis Pro Wireless (not Nova), I love them but I am curious how they handle in the labs.",NEUTRAL
256,Ugzjm4iMSEzjOgMQU7h4AaABAg,"FYI, these cost $449 USD. We didn't have pricing information at the time of filming and we didn't want to speculate. Sorry about that!",NEUTRAL
257,UgyfeDS1Pvvf0ZxRdLJ4AaABAg,Great review. Fair and informative.,POSITIVE
258,UgwzHfQ1EzJbGXD3Fl94AaABAg,0:05 I refreshed my app three times thinking that my video playback was glitching.,POSITIVE
259,Ugx33UIOYveMyrafYTV4AaABAg,Finally a good comparison between M4 and M5 MacBook Airs. Everyone doing M5 with M5 Pro WTF.,POSITIVE
260,UgwMLesCR7KrSSg8c2h4AaABAg,"I really wish one of these reviews would do a segment focused on programming and IDEs and running multiple emulators and some core engineering tasks not just content creators intensive software, I am due for an upgrade and would really like to know these things as my m1 pro now speeds the fans up alot",NEUTRAL
261,UgyiVQ0kfNw-GGpqNjh4AaABAg,"4:36 Most useless bleep I've ever heard. 🤣 Why have it, at that point",NEGATIVE
262,Ugz8X2t1wbP_VCCpCkt4AaABAg,bro why are you yelling so much,NEGATIVE
263,Ugw1Dwsda1xMYBro1Ax4AaABAg,"Hmmm normally I like your reviews and while I understand everyone has their preferences, this review does feel nitpicky (in fact it feels like a bad review) 

E.g. It's kinda expected to have those black bars when watching videos on a phone. It's like complaining the pen in S Ultra is too thin for a regular grip 

I'm sure people who bought a phone knew that they were going to expect those black bars if their screen is not the same as the aspect ratio of the video. Even the Ultra you showed, had black bars. 

And versatility is very important to many people. A smartphone is pretty much the epitome of versatility. Not many would want to carry a non-smart phone, a DSLR, a flashlight, a calculator, a map, a calendar, a compass just because on their own they would be specialized products, great or even perfect at what they do.

A 2-in-1 solves issues for many people, its versatility at being either a laptop or a tablet at anytime while being more portable  is likely why some people go for it. Pretty unrealistic if people want to start wishing it was the perfect laptop and the perfect tablet at the same time

A review about how a versatile phone is not the perfect slab phone nor the perfect mini tablet. But you did not say how it was not as good as the Ultra it was compared to, nor how it was not good as a mini tablet (except being unable to write with a S Pen)",NEGATIVE
264,UgxwavBqhiTKT6Lo_V14AaABAg,THAT INTRO THOOOOOOOO. It's like the intro of star wars😂😂,POSITIVE
265,Ugx-WgpULdKGhjtcR5R4AaABAg,I like your videos! I'm in Canada and am not happy that apple uses esim only on new iPhone and now pixel 10 pro in USA are doing same. I like physical sim card slot and in this pixel 10 in Canada it still uses physical card slot. I will take advantage of the opportunity for Canadian pixel,NEGATIVE
266,UgwVAo6Jf13PriUI4Ch4AaABAg,"8:19 thats because of depth, the reason looking too close at a screen is bad is because your eyes are focused in 1 spot for long periods of time, however, vr headsets work because they feed 2 different images to each eye which simulates depth, this means your eyes can focus in and out and removes eye strain",POSITIVE
267,UgxXUOoxy2ADk_lga2Z4AaABAg,"2:31
the WHAT dream??!!!!",NEUTRAL
268,UgwCHHf5sGQRbw0fZwN4AaABAg,"0:41 u are such a big tech guy and u were thinking the performance with tsmc chup would make it the best performance phone or something lmao, real ones knew Google never prioritise performance, even back in the day before tensor they never made super performance phones, idk why people and YOU thought that would be  the case with p10",NEGATIVE
269,Ugwydk0dGjYmQQ2r5up4AaABAg,If you like the book format... why isn't the Flip your go to then?,NEUTRAL
270,UgySAAwKpE27tg9oyJZ4AaABAg,"This video echos my exact feelings about the fold 7. I thought I was going to love it! 
The aspect ratio is just wonky....and there is so much wasted screen. No Spen pen for a ""productivity"" device. 
Since I have a Samsung ultra tablet it just feels like a compromise...and still flawed. 
I would rather have a phone in and a separate tablet as I do now. Then for the price of the 512 GB version you absolutely could buy a phone AND tablet and have a much better experience...with an Spen..... And a perfect aspect ratio that wastes no space. 
As time goes on I actually think the flip is the one to look at. Just make the flip slightly wider so when it opens up it's a little bit bigger than an ultra. Add pen support. Done",NEGATIVE
271,Ugz_JnEnh0Sq677FGmB4AaABAg,Sometimes the simpler model ends up being the better choice.,NEUTRAL
272,UgwSeNi4sGjFECme1aJ4AaABAg,real its such an awkward screen size for videos atleast go upto 8.5inches so it can be like an ipad mini,NEGATIVE
273,Ugzsm29-Td-4zLneQ5R4AaABAg,6 bit model? you mean the 6b in the model name?,NEUTRAL
274,Ugz771dqyHVm2VEYkjJ4AaABAg,the iphone copied the clock customization on the lock screen so not the samsung s25 ultra,POSITIVE
275,UgyRoH_o3cMFgA6KkeJ4AaABAg,it looks sick!!!,POSITIVE
276,Ugy_0eV7jydWWglrjJV4AaABAg,"This is so insane, and considering it’s a new gadget I’d say it’s worth it",POSITIVE
277,UgwI51Y9VX7Muq8mRFV4AaABAg,"That's why I love flip, they have only one purpose to make phone portable and they do that job damn good!!",POSITIVE
278,Ugwx-McNJO0vjf-46yF4AaABAg,"I always found the same with the Fold.  It can do so much, supposedly, but there is nothing I can't do on the S25 Ultra just as well.",NEGATIVE
279,UgyFkzREvIPcx7bnRNR4AaABAg,"@Marques Brownlee - Important/Urgent  while yer still on reviews of the phone. 
Just got the 17, connected to the Sea to Shining Sea cable to my PC and went to work. Reached for my phone and it was HOT !!!
Not warm, but literally ""had me concerned"" hot. 
Speaking with friends, this only happens when on the direct connect and not on the charging cube.",NEGATIVE
280,UgwYnHPHmzfAxPcXVGN4AaABAg,"Let me tell you something, Dave you absolutely nailed every thought I had on my mind about the galaxy Z fold 7",POSITIVE
281,UgwpYc54uzaDvV0qF1B4AaABAg,5:33 before you mentioned Ai im out!,NEGATIVE
282,UgzakU_k-VxctOARKq94AaABAg,15:00,NEUTRAL
283,UgyeFWmn16StYerH2Jl4AaABAg,the base iphone got a free storage upgrade. all the neo did was increase the air price.,NEGATIVE
284,UgwcBL35Ta-sUrnRF0t4AaABAg,"How did humans look at a rock and be like ""Yeah i can make vr headset that is almost as real as your eyes out of this""",POSITIVE
285,UgwyMqKvRmLtSXUtdW94AaABAg,My fave is the EDP,POSITIVE
286,Ugx7p4DN55Adgm7iVwR4AaABAg,I have the xm4 and love them worked great on flights,POSITIVE
287,Ugz9riXpBjIrEi6o3_h4AaABAg,"Reference headphones can definitely also be used for consumption. By definition, they should sound pretty much the same as the original creator intended.",NEUTRAL
288,UgyqJuTORT7PNnibXw14AaABAg,"I just want to add, for anyone like myself where the 1000XM line is out of their price range, the CH720N are incredible as well, especially if bought on sale (I paid $115 or so for mine)",NEUTRAL
289,Ugwu41ZKRpqgF85kSBp4AaABAg,Had my xm5 for a year and it's still in perfect condition. My only nitpicks are the relatively skinny band can give me a headache After extended wear and I wish the cups were a bit thicker. Otherwise I see no value proposition here.,NEUTRAL
290,UgyNkQrfOuWCk4-pSGt4AaABAg,"I experienced this for years already with oculus quest 2 😭 its similar enough, the external camera the real life seamless handless stuff i like these though its like a 10x upgrade",POSITIVE
291,Ugy8s1U-a6jMclQW0TN4AaABAg,We are totally addicted to our smart phones so i cant see it taking over vr in short burst is good for now,NEUTRAL
292,UgwUm8MA7anPEMyKS554AaABAg,9:58 Adding jiggle physics to a phone is crazy,NEUTRAL
293,Ugyf1yLfzymXzYKMhNJ4AaABAg,"Sony always came with the best of the best
This is going to my collection
the only complain i have is that you covered the ANC fonction instead of a full review",POSITIVE
294,UgydDt-EgtPyGflRjO14AaABAg,"I've only owned very cheap ANC headphones so I'm curious how the really good ones compare in one aspect: on the cheap ones when I listen to music and switched on ANC, the entire sound of the music -  EQ and soundstage - changed. Not necessarily in a bad way… In fact sometimes I found myself preferring it that way. But I wasn't expecting this to happen and you touched on this when you spoke about tricking the headphones into thinking they were on the head while taking frequency response readings. So how much does the sound quality of the music change when ANC is in use with these?",NEUTRAL
295,UgxABxeUCzaqDAYBa7N4AaABAg,"I’ve had my Deep Blue 17 Pro Max for a week and not 1 scratch, I got the silicone case they sell at Apple and I absolutely love it! Love the new design and features",POSITIVE
296,Ugwno8wGmIioU_NO0XJ4AaABAg,What are the most intense tasks for phones?,NEUTRAL
297,Ugz69RGV0JEpx6ybSSt4AaABAg,Watched this today and it’s 2024. Wild,NEUTRAL
298,UgyeC5rdU5ZMU4VWufh4AaABAg,"I'm about to buy s25ult next month.

I'm not sure anymore. Should I buy s24ult instead??",NEUTRAL
299,Ugz6ux5kh1XEj0guOw94AaABAg,“Apple why did you send me the green ones” 😂,NEUTRAL
300,UgyxDtEv3fBQExBNQ494AaABAg,I know 15” is better but I really like the 13” design. Looks so much stylish.,POSITIVE
301,Ugz7CwDBZEaPYA0bLPN4AaABAg,"""And look at all these crabs..."" xD Yea, convergent evolution of phones was not something I'd ever thought of as an evolutionary biologist",POSITIVE
302,UgyZzf5aWLLPuprTlOB4AaABAg,is it me or is the background really bright?,NEGATIVE
303,UgyMu4qLoqkuRVq_IGV4AaABAg,"""They better sound like God himself whispering in my ears."" 😭😭",NEUTRAL
304,UgzLZ9HgtvUeu0QxEvJ4AaABAg,i hope they fixed fragile hinges,NEUTRAL
305,UgyGcWZ3c96J3B4nmE14AaABAg,"That crab reminds of some fish market where I shaw fisherman selling that phone

I'm hell of confused 🤕",NEUTRAL
306,UgxP9-3WII3HipyiT_N4AaABAg,The assistant call screening is my favorite Android feature of all time.,POSITIVE
307,UgycLJENSAOvJ2sNYVp4AaABAg,I would have liked to see them reviewed for PC and gaming use. Is there a mic? Does it do directional audio?,NEUTRAL
308,UgzYhwiWq5jf714v7YR4AaABAg,"this was the first pair of outside headphones I ever bought and don’t regret it. they look awesome and do their job, the only complaint I have is the noise bleeding they have. as someone that loves to occasionally max out my music to really feel the bass it’s like it’s as loud as something playing from my phone at 40% volume. other than that they are great",POSITIVE
309,UgzCzfhcQsbQB6NLNTl4AaABAg,wow macbook are cool. Whats cool is im staying with my i7 9th gen msi gaming laptop for more years to come playing forza here and then....,NEUTRAL
310,Ugyi0adbKftdYf30Qup4AaABAg,"The case alone would turn me away, even if they weren't out of my price range, and I had an iPhone",NEGATIVE
311,UgzFvqdMG2B4nUzpFel4AaABAg,Bought it last week from the website & I'm disappointed all you perfume reviewers who put this on a pedestal are wrong. Its trash,NEGATIVE
312,Ugyth3F7ugPEP-mSHid4AaABAg,"if you don't have an use case that can be benefit from a bigger screen with that ratio, or the App won't support(optimize) it well. don't buy it, these phone still have specific use cases so far.  plus App and OS are not there yet to give them native support. still early stage, beside, how much they ask for it again? LOL",NEGATIVE
313,UgzRJCn71neNLDlKZ5J4AaABAg,Nah I still prefer the Parfum more.,NEGATIVE
314,UgxYY0zUtGgxJpC2jMh4AaABAg,People don’t realize that Samsung is playing Apple’s game & winning it from last 2 years & it’s also gonna win Apple’s brain dead stans while staying good enough to keep Samsung fans …,POSITIVE
315,UgxLAYAwGtR09-PXQk94AaABAg,"I don't know man this is a hard one, my Macbook Air M1 is still working perfectly except the battery capacity is getting closer to that 80% mark. 16gb+512gb is definitely an upgrade but I'm not sure if someone like me who doesn't do heavy video/photo editing should upgrade... but I'm a little tempted though",NEUTRAL
316,UgyzfTM_VMFb7L68p8p4AaABAg,"I'll still rock my XM4's, also not saying the price is a little 😬😬",NEGATIVE
317,UgwjcKU59kIeKq5M9J94AaABAg,Just bought it today😁,POSITIVE
318,UgwtljKSBUG6ccSUNF14AaABAg,"We finally get something which is interesting... i thought to myself, ""Finally, phones are interesting again.""",POSITIVE
319,UgztvC2vd2MLQZGlqSZ4AaABAg,But you told best is eau de parfum lol,NEUTRAL
320,UgxbgV7q_pKzr3kNIr54AaABAg,Mrwhosetheboss is a apple fanatic,NEGATIVE
321,Ugy5MiYoARnpID79_GR4AaABAg,"this intro is officially #2 after the IPad intro for me, one of your finest pieces of art",POSITIVE
322,UgwLBHqcUJlmcQn5tbl4AaABAg,"7:03 ""How do they sound? Well, [AD]"" lmao Perfect timing",POSITIVE
323,UgxND1VCJEbO3v8FCzZ4AaABAg,"Okay so me coming from a pixel 5 and loving it.  I love the back of the phone finger touch to unlock the phone.  If my pixel 5 didn't just die I would definitely keep using it but I had a free upgrade and $1,000 off so I chose to get the pixel 10 pro.  I'm using it now and testing it out I do not like that the camera is so big and pulls it down to the ground I wish that it was flat and not poking out because the cases are junk I wish that my old case would work.  I had an OtterBox case,  it was mint!",NEGATIVE
324,Ugwmf2Fb1WQYdEXSzKp4AaABAg,"How does it sound... well, <ad starts playing>",NEUTRAL
325,Ugy_Egr_gqNd53EkQa54AaABAg,"Left hand movement was crazy on 3:13. What was that all about? U great and honest review dont need that type of ""cheat help"".",NEUTRAL
326,UgzN6XYuVT6ID_2RYQ94AaABAg,No UDC and not wider. Ur right. Deal breaker for me,NEGATIVE
327,UgxkHygctBNewaHreop4AaABAg,"Before you post this video ""I WOULDN'T BUY THIS SHIT""",NEGATIVE
328,UgwKrHqNV0VYJy8Md0N4AaABAg,I don't think it is ugly. I think it looks good.,POSITIVE
329,Ugzlp3yRxeL4tovzG3x4AaABAg,"I was excited too, but it felt like too much of a downgrade coming from my Fold 6. I'm more curious about the tri-fold and Fold 8.",NEGATIVE
330,UgynDpYcUcMnfzMTltl4AaABAg,"Who else wants a Meet the MKBHD Team video!? Not taking any credit away from Marques, but I bet they do some awesome stuff too🙏🏼",POSITIVE
331,UgzN4fmE6bxZpMnGW7V4AaABAg,1:49 AMONG US,NEUTRAL
332,UgzNYDj6AlqqdezP9hN4AaABAg,"wich is more worth to upgrade from, a s24 ultra or s25 ultra from Galaxy fold 4?",NEUTRAL
333,Ugx7D2FDmm6m0eVy_jF4AaABAg,The only gripe I still have with this phone is that they replaced the light strips with a very low quality screen,NEGATIVE
334,Ugy3mRnEf8yveVjS74N4AaABAg,"I was so confident I was going to love the flip this year, until I heard it shipped with Exynos.


I have never been so heartbroken in my life before",NEGATIVE
335,UgzVcsWpCWwowjoTgCh4AaABAg,I'm torn between replacing my 8 pro with the new 10 pro or a Xiaomi 15 ultra or something both seem a bit of a mixed bag though and for some reason I never like Samsung when I try them.,NEUTRAL
336,UgxPUaG4B60sVNXDA5R4AaABAg,"My aha moment with using multitasking on a foldable was when I was able to have my sports betting app, player stats app, and the actual game itself all on the same screen at the same time! Now I can never go back..",POSITIVE
337,UgwL9xMjoeV_KKUnyfR4AaABAg,Instant like. Instant subscribe. No regrets.,POSITIVE
338,UgxElVP7tx2m5Xpg70t4AaABAg,"To this day, i've never seen anyone wearing AirPods Max.",NEUTRAL
339,UgyIgrS2E3A9_QapWD94AaABAg,"Nice video, sir, but I am really interested to know: will Apple ever produce laptops with a touchscreen with 360-degree screen rotation? I am really curious to know that, because I am used to using the laptop with a touchscreen with the 360-degree rotation. One thing I like is that the screen bezel is almost the same from all four sides, which other laptop brands do not follow the trend.",POSITIVE
340,Ugwk1ctG3CM9ar4Cu2N4AaABAg,I wish there was more noise cancelling data for more generations of this headphone lineup. How big of an upgrade is it from MX3s? Realistically people won't be upgrading from last generation,NEGATIVE
341,UgyJLlz5_AzF-B8OIel4AaABAg,When ear cups cost more than your current headphones:,NEGATIVE
342,UgweKLlLUnbpmxuB5VR4AaABAg,I can see this used in surgery,POSITIVE
343,UgwPWcC0rRZ1_dk_1u14AaABAg,For the design and uniqueness of the phone... this is the best design so far. We are just accustomed to usual design like align camera palcement. Yes all mobile phones basically looks the same until Nothing came. 😊,POSITIVE
344,UgyV9xupsm-8XGi-bhN4AaABAg,love that the price was shown in rupees!👌👍,POSITIVE
345,UgzlNUR6WfXni7xXb8t4AaABAg,Soo I'm coming from a MacBook pro from 2015 I7 16GB of RAM and  512GB SSD.,NEUTRAL
346,UgxWs-a37N7_dShozyR4AaABAg,Is there a beef idk about? You usually post before apple 🤣🤣,NEUTRAL
347,UgyZK4i9jPDxo2YwKJ54AaABAg,"It is better to compare it with M3 and M2, because too few people would consider upgrading form M4",NEUTRAL
348,UgxUjs0r558zLtDSRxF4AaABAg,"Upgrading from Samsung Z Flip 4, my first ever Ultra device.....Fingers crossed, ordered S25 Ultra 512GB Titanium Blue...got it for 1100 quid",POSITIVE
349,Ugywv_8680kMz1q8gm54AaABAg,For me it was the Pixel 9 or the Nothing 2a+ and i got the 2a+. I was even contemplating waiting for the 3 but im kinda glad i waited,POSITIVE
350,UgxgaRutNFjsBDeKR-t4AaABAg,From a 2017 intel mbp lol,NEUTRAL
