video_id,comment_id,text,human_label(POSITIVE/NEUTRAL/NEGATIVE)
4jmB-BNBeFU,Ugyk88HBfx9sA0mAp9Z4AaABAg,Wide foot friendly?,NEUTRAL
kkLJTmgoI3w,UgxgJVxl90-Mr66fsY94AaABAg,That's 10 why you lying,NEGATIVE
Uwmp16aSgdk,UgwAa7YQ0RKbAh-IDkp4AaABAg,"2:26 La Croix roast made me giggle, thank you for that",POSITIVE
KftNp6hdO5g,Ugj0Efnz5D6LIngCoAEC,Damn i wish i had ur camera to look at my weed. That video quality and color production is absolutely incredible.,POSITIVE
KftNp6hdO5g,Ugi1nqDzS_s2p3gCoAEC,Apple really does know how to sell shit as gold... Dayum I want them for no reason...,POSITIVE
ne5ALl_ai58,Ugwi35Dwz01HFkfxEKN4AaABAg,"What have you done, Carl....",NEGATIVE
4jmB-BNBeFU,UgzVIVplLB73A3LampF4AaABAg,I'm getting both colors today! I think they'll both make a great addition to my wardrobe. Thank you for sharing!,POSITIVE
4k2uJNwxFXU,UgyCaCrbm64Un-ZPlUV4AaABAg,could you make a video about mancera sicily?,NEUTRAL
4jmB-BNBeFU,UgzALN6YZ0aMYfSoXDt4AaABAg,"I have the white ones, however I don't like that they claim.its ""leather "" but it's really not",NEGATIVE
bInJjmH31Hk,UgykKek40gUhq-Z2_xV4AaABAg,Apple finally convinced me to buy these after releasing the Airpods Max at $550.,NEGATIVE
lIJeJKYFhMI,UgwccPlPbZAaaIosdZR4AaABAg,"been wearing this for 10 years and it's still my favorite scent overall! it's changed over the years and is way less powerful than it was in 2012 BUT it's still fantastic! i think it's funny that everyone says so many people wear it, but the truth is it's not as popular as the internet would have u believe! i agree that it smells better in the air!!!",POSITIVE
lIJeJKYFhMI,Ugx0BQu9W16FNMrHBRR4AaABAg,Aventus is like that indie band that makes it big and people start to hate them for being too popular lol,NEUTRAL
4jmB-BNBeFU,UgygyMNsMhRCvHJvHuJ4AaABAg,Do not wear liner socks or below ankle socks. It will hurt you and give you blisters. Though it will look good on liner socks but trust it will hurt a lot. Mine didnt healed for a month or two😖,NEGATIVE
KftNp6hdO5g,UgizOAT-m6Vs7HgCoAEC,Can't wait to find these on the street.,POSITIVE
KftNp6hdO5g,Ugx7BLPWTjSxfwj0o554AaABAg,can’t wait for wireless wires,NEGATIVE
s06AEGVagU0,UgzbbHsCyAKIophrtLp4AaABAg,Is the Pegasus 37 zoom air different from the Pegasus 37?,NEUTRAL
kkLJTmgoI3w,UgxUbipEQOH9lnug9tp4AaABAg,the video looks terrible.................................................................,NEGATIVE
R8DmmsDVnqY,UgyYHD6C-jH_EKpdrOp4AaABAg,I love the Aquanaut!! A Heavy hitter!!!!,POSITIVE
bInJjmH31Hk,UgyN71kRCuID8l_RK1Z4AaABAg,The sound quality is so good he doesn't even have to talk about it,POSITIVE
KftNp6hdO5g,Ugg-T1pVPyj693gCoAEC,But the real question is that Can it run witcher 3 at maxed settings?,NEUTRAL
bInJjmH31Hk,Ugyq6omCnyEWRH0Mg3B4AaABAg,"Final form? Toriyama : Sorry, we don't do that!. 😂",POSITIVE
Uwmp16aSgdk,UgzmZCHS_GB5hB6lTbB4AaABAg,My M1 MacBook Air shows zero sign of slowing down since I bought it. By far the best laptop I’ve ever owned. I can’t imagine how good the m4 is,POSITIVE
kkLJTmgoI3w,UgxTV8lOktlahQiprsd4AaABAg,What is your favorite effect called?,NEUTRAL
ne5ALl_ai58,UgybQ5DSoHC4xA1pONt4AaABAg,nothing fell off fr,POSITIVE
bInJjmH31Hk,Ugy3ns-dDk-om_hOxOV4AaABAg,0:18 - UPS delivering the iPhone 14 and Pixel 6 for Marques to try out.,NEUTRAL
PPFNaMvnMtM,UgxX7Iv3goiJhNB6gH14AaABAg,Great video as always! No MST? No thanks! lol. That's the feature I use most often on my Gear S3 Frontier!,NEGATIVE
ne5ALl_ai58,UgzeNhM1fGspuY_dWuB4AaABAg,Camera module and the chips set. 👎👎.,NEGATIVE
KftNp6hdO5g,Ugx15BjzHH8FXLps2D54AaABAg,Little did he know how revolutionary these would be.,POSITIVE
PPFNaMvnMtM,UgwP65OqSD8SrfqFj7p4AaABAg,"Mr. Mobile is Tony Stark before he became a Genius, Billionaire, Playboy, Philanthropist.",POSITIVE
4jmB-BNBeFU,UgxgP44h78ZH5iinQxl4AaABAg,Im a size 8 1/2 womens & bought a size 7 in men’s & fit really good I felt they run big what am I don’t wrong lol,POSITIVE
tYUC_Ni3lb4,Ugwps5EeE_7AV_D8Ncl4AaABAg,I feel like I really take advantage of how high quality these videos are. literally incredible editing!,POSITIVE
4jmB-BNBeFU,UgwJyc7XPWYo3EsTYmN4AaABAg,useful review.thanks,POSITIVE
PPFNaMvnMtM,Ugxo4zMQPmI1Lcr7FBV4AaABAg,Got my Series 4 today. This thing is wonderful. Never had a watch before.,POSITIVE
PPFNaMvnMtM,Ugwn1AdRz-i46lpalf54AaABAg,@mrmobile is my favorite no biased tech reviewer,POSITIVE
Uwmp16aSgdk,UgwEPtNmdPqp6nrRnnF4AaABAg,6:37 he is so impressed with the MacBook Air he calls it a Pro,POSITIVE
lIJeJKYFhMI,UgwS62CdDy9ZG_8Mb7d4AaABAg,"The Rolex comparison is apt though with prices these days I think an OP or Datejust may be a better comparison. It's certainly not super unique now, but much like Rolex you'll know it works well and isn't going to make the average person go ""why would you like wearing that?""  If someone has a collection of pricier fragrances then going more niche is understandable but a first pricey purchase is going to warrant a safe choice for many. That said, much like watches the number of guys wearing fragrances in the general population is so small now that it will still stand out.  It's one of the scents I've gotten enthusiastic complements on. As a personal bonus, fresh cut pineapple is one of my favorite things to eat so a fragrance that reminds me of it is especially nice.",POSITIVE
s06AEGVagU0,UgznoYA1Z9U-x5QTi6J4AaABAg,The low key placing of his other tubing shoes in the shelves behind him (and the rotation of those shoes depending on what kicks he's reviewing) is such a subtle but appreciated detail.,POSITIVE
4k2uJNwxFXU,Ugyzf5EmbTjYJVxN3ZV4AaABAg,I like this . I Probably overspray 15 to 20 . Most likely getting noseblind so I spray more so i can keep smelling it just nice fragrance 😂,POSITIVE
ne5ALl_ai58,UgyQzvvh_OMFwDnfqqR4AaABAg,hoping a review on cmf phone 2 pro. 🔥,POSITIVE
tYUC_Ni3lb4,UgzWYM5YfuWx7PLjovh4AaABAg,9:04 this is just plain wrong. the ring is compatible with other android phones. read the specification,NEGATIVE
4jmB-BNBeFU,UgytbrAT3I5af12UJmp4AaABAg,Thank you for your review! What nail color are you wearing? I love a good neutral! ❤️,POSITIVE
Uwmp16aSgdk,UgxcQopLP43bSUv9Pfx4AaABAg,"About laptops getting boring, and not much changing:  That's great.  I would love to see more of that.  Refresh the hardware every couple years, with a little better this and that.  It's a mature product.  It doesn't need to be reinvented.  The need to be ""exciting"" just means the feature you care about most is always potentially on the chopping block to make the new model ""fresh.""  I would much rather that this year's model is just a slightly better version of the previous one.  I don't need it to be exciting, I just need it to work.",POSITIVE
tYUC_Ni3lb4,Ugyw90X-wTCftNsvcwJ4AaABAg,"The Galaxy Ring sounds like a great idea, but the phantom heart rate readings are a bit concerning. Thanks for the honest review!",NEGATIVE
R8DmmsDVnqY,UgzZxsPJFPqxv_9qkth4AaABAg,Congrats Alex well earned !,POSITIVE
lIJeJKYFhMI,UgyQ09uIPEXWUJbvpUR4AaABAg,Was once the greatest fragrance of all time at least before any reformulation.,NEGATIVE
lIJeJKYFhMI,Ugy_FUG6r-5Wl9rKJe94AaABAg,That jacket 🔥🔥🔥,POSITIVE
KftNp6hdO5g,UggNNiY-1KsDyXgCoAEC,0:15 Russel Westbrook interview XD,POSITIVE
Uwmp16aSgdk,UgzGqe-pLP1jXydgPKt4AaABAg,"ive been using adobe suites, heavy photo editing on macbook airs since 2018 and its always worked so well!! Still using my M1 mac from 2020 with only a small lag now (only noticeable in the past year) and so tempted to upgrade to the new M4",POSITIVE
4jmB-BNBeFU,Ugw_ejcHJlqI0ZcLqIx4AaABAg,I'm being used sambas since early 90s! To play football or daily use! I love sambas!!,POSITIVE
4jmB-BNBeFU,Ugx2DDj4GckSb4zVcVl4AaABAg,"White samba,been waiting almost 2yrs for my size 😩",NEGATIVE
bInJjmH31Hk,UgzZmbHil1DvY-ij4aB4AaABAg,I like watching review videos of things I already own,POSITIVE
tYUC_Ni3lb4,Ugz6yocb_9Y8MhkLpSd4AaABAg,That intro animation yooo! I actually keep rewinding it again and again. Sick 🔥,POSITIVE
ne5ALl_ai58,UgwfCZGB-30_n6w7U6Z4AaABAg,No cpu throttling test? Or gpu stability?,NEUTRAL
tYUC_Ni3lb4,UgwV1BZFuwjBdoqu1Xh4AaABAg,Taking off the ring and it’s still showing data as if he had it on is SUPER SUPER bad.  Almost a controversy I’d say.   It’s almost like AI is just filling in the gaps or something.  It’s literally made up data.,NEGATIVE
PPFNaMvnMtM,UgyC5VYek3n41Pbq3fB4AaABAg,"Shoot, I just pre-ordered the Apple Watch Series 4!",POSITIVE
R8DmmsDVnqY,UgwKsXYBVSPvBNgkVMF4AaABAg,ouffff fantastique 🔥🔥🔥🔥,POSITIVE
Uwmp16aSgdk,UgyBjUH-bxZB2qF5mIF4AaABAg,"My 2013 macbook is just now dying out 😂. My speakers are breaking down, but I've had it for 12 years and traveled through 24 countries with it.",POSITIVE
lIJeJKYFhMI,Ugx7IV5sSnry6BV0SDx4AaABAg,I think it’s now seriously reformulated and is overpriced a lot,NEGATIVE
R8DmmsDVnqY,UgyU5fSk97aNEitBpyd4AaABAg,"Congrats, beautiful watch! I was at Wempe the day after you dropped the Kevin O’leary video.  I too got my first Patek this past Feb, the 5212a, Patek’s are special.",POSITIVE
4k2uJNwxFXU,Ugw3ZDKX4UIGbdQR5yt4AaABAg,Where do you buy you stronger with you?,NEUTRAL
ne5ALl_ai58,UgwiEgbKmEFiosRabvp4AaABAg,12.5 MP cameras? EIS on main camera?,NEUTRAL
s06AEGVagU0,Ugzes-sb6SFaFctLzEl4AaABAg,A trailer caught on fire at my moms work these were going to a store they servived now I have them,POSITIVE
tYUC_Ni3lb4,UgxNTRZZ9JRY0A9EW8p4AaABAg,"The biggest ""minimalist"" tech im waiting for is VR/AR glasses that weigh as much as normal glasses",POSITIVE
Uwmp16aSgdk,Ugyhze8MjJnEYfY45t14AaABAg,Your camera is so good I feel like I'm seeing you in real life lol,POSITIVE
KftNp6hdO5g,UghozzIFw1bwVHgCoAEC,Apple earpods are too expensive. Apple: Hold my beer.,NEGATIVE
PPFNaMvnMtM,UgzbpPLtuQewRci5MxN4AaABAg,"Never seen your vids before. As soon you started talking you got me hooked. Not sure if it's the way you narrate or the quality of information or both, but I love it.",POSITIVE
lIJeJKYFhMI,Ugw7E6bULSvsd0i1owp4AaABAg,Omg you put into words what I couldn’t figure out. It smells better in the air! I loove how the bathroom smells when my husband sprays this. But on skin I’m like “meh nice”.  And then for the cost..is it worth that reaction.,POSITIVE
KftNp6hdO5g,UgzXRGZ1qoOTzCN1nRx4AaABAg,AirPods were 4 years ago...? Sheesh time flies,POSITIVE
PPFNaMvnMtM,Ugz_ur82w8sEojSSRUN4AaABAg,"I realised just recently even though I´m following you for over 2 years now that you are one of the few (if not the only one) who can really describe what does the product feel like. I can see what does it look like, no need to talk about that but what impression does it give, that´s what I want to hear. Props to you, MrMobile, for delivering the best reviews out here",POSITIVE
tYUC_Ni3lb4,UgyOpGzI6Mhuh2jBVgx4AaABAg,NO NFC is lame,NEGATIVE
Uwmp16aSgdk,UgzhQMYb1lBUDu4usJ54AaABAg,I still have the M1 and man this thing has not failed me and still feels new and so fast.,POSITIVE
lIJeJKYFhMI,UgyagReLE3i58fz_YHp4AaABAg,"Yes from creed the most wearable are Aventus and Silver Mountain Water and actually they are the most versatile from Creed. Both are the Only I buy from creed and I see as thd best ftom creed yet I have not smelled all Creed fragrances. Those two are mostly Summer and autumn and spring  . You have to give them maturate at home 6 months in the bottle ( sit before first use at 23 , 24 cellcius) in order to get very good performance from them. So buy them 6 months before spring or summer. And... then God is on your side :)   Layton is only winter to me - a must have winter fragrance.  Tuscan leather is only winter - a must have winter to the more appreciative ones . Nothing can take this ruspberry -leather mutual dance. The saffron is an anti depressant snd good mood smell .     Yest I have them both   I can also  recommend  those a very natural juices that are niche - designer  :  Chanel blue EDP ( even the perfum concrntration yet more expensive and smells the same)  Eau Sauvage EDT ( not Sauvage but Eau sauvage and only EDT concentration dince EDP smells diffetent) -- this the bergamot version of aventus in terms of quality yet in Aventus it is the pinapple . Most natural uplifting bergamot smell there is. Ohhhhh. Every man from 17 years old and  up must have this !!!",POSITIVE
R8DmmsDVnqY,Ugxn4xkNhgPBQvLVzBZ4AaABAg,Alex give the link of your bracelet that you showed in your shorts.,NEUTRAL
PPFNaMvnMtM,UgxjLA59Y_32xSXa-iN4AaABAg,0:34 'I'm Tony Stark and this is the Samsung Galaxy Watch review',POSITIVE
R8DmmsDVnqY,Ugy5ePVYzwPUX8fJLud4AaABAg,"Congrats on getting a patek. Truely, its one of the most luxury watches in the market.",POSITIVE
s06AEGVagU0,UgwE8md872r3BpjUCmB4AaABAg,this is like zoom vapor fly + Vomero 14 + pegasus upper,POSITIVE
tYUC_Ni3lb4,UgxRFOaZ9zGnhcYDXVt4AaABAg,"An important aspect that you didn't mention: When paired with a watch, the watch and ring talk to each other directly to get an even more accurate reading. I believe that a Ring + watch combo would give you the most accurate readings of any smart wearable.",NEUTRAL
s06AEGVagU0,UgwnADNwEEx2pNUNAUR4AaABAg,"Don't mind the creasing, my running shoes are meant to be beat up as hell.",NEGATIVE
ne5ALl_ai58,UgwBZRqZ04LJF409w5l4AaABAg,It could have been around 650 dollars 😢,POSITIVE
Uwmp16aSgdk,Ugy-bj_nhxGS5BX-I1Z4AaABAg,"Just ordered mines today, upgraded from my 2014! $749.00 Black Friday!",POSITIVE
KftNp6hdO5g,UgggXNRdlgliG3gCoAEC,great review! mine comes tomorrow 😌☺️,POSITIVE
4k2uJNwxFXU,Ugy9hnkvhY2cb2JGgfd4AaABAg,Can u pleae make a video of your favorite None Sweet Perfumes ? I am old 40 years and its hard for us to use sweet perfumes. Thank u,NEUTRAL
KftNp6hdO5g,Ugye4ixE_Xo5x3NVST54AaABAg,"Just got my first pare of these,  pretty excited for testing them",POSITIVE
bInJjmH31Hk,UgzMCTKmJHv6jPJ1B0p4AaABAg,Got these for $160 from a gentleman who bought them for his son but his son didn’t want them as he wanted the apple AirPod max. I am beyond happy for what I paid!  Like they say One mans trash is another mans treasure!,POSITIVE
tYUC_Ni3lb4,Ugwc_qfokYkuLZMSMeZ4AaABAg,If you combine the Galaxy Ring with the Ultra watch or Watch 7 they work seamlessly together to monitor your health and workouts. Not the Apple watch. Also the ring worn together with the Ultra Watch will save you 30% of your battery life. If you have both the Galaxy Ring and the Galaxy Ultra Watch or Galaxy Watch you can take off your ring for those workouts you mentioned and the watch will continue recording your results seamlessly into the same Samsung Health app the ring records to. The same applies for the sleep data. You can take off the watch when you go to bed and the ring will monitor your sleep metrics. I personally hate wearing a watch to bed so this combination is what I am most excited about. It's obvious they are pushing the Samsung eco system which for me is fine. You can also use the ring with Android phones (Android 11 and newer). You will just not get the energy score and using gestures you would get with a Galaxy phone. I hope this helps those who are trying to decide whether or not to purchase one.,POSITIVE
tYUC_Ni3lb4,UgwJaZ2x3oJGV7qLRMh4AaABAg,Seems like the ring isn't ready for market yet. But these days companies like to release things that aren't ready and just fix it with a software update later so who knows anymore,NEGATIVE
ne5ALl_ai58,UgwWdym1wEpWw6uBgqV4AaABAg,I didn't like the design but price of phone 3 is very high in India 80k  In same price or less price we get OnePlus 13 Vivo X200 and Oppo Find X8 Xaiomi 15 these phones are better than Nothing Phone 3. My personal favourite with less price is OnePlus 13 and much better Phone tha phone 3.,POSITIVE
4k2uJNwxFXU,Ugx9JeWfIp7TTz7Fgvd4AaABAg,Glad to see you reviewing this one.,NEUTRAL
s06AEGVagU0,Ugz7nedvEgpe8QwIB_Z4AaABAg,"hi my friend, what do you think of the NIKE SHOX TL ( a big old love from 2003 jeje )",NEUTRAL
4jmB-BNBeFU,Ugwe4h_IkuFaiDDcAxx4AaABAg,just about to buy my first pair...,POSITIVE
lIJeJKYFhMI,Ugy4WvP1DtvsVXqjFtR4AaABAg,Didn't know peter parker was also a perfume connoisseur.,NEGATIVE
4jmB-BNBeFU,UgxtzYg-IFZbeC8g_R94AaABAg,Its not comfy i sized 1/2 more than my usual. I prefer gazelle seriously,NEUTRAL
ne5ALl_ai58,Ugz8G5g9gdydTmRz4iJ4AaABAg,what do you do with all those phones after review?????????????????????????????????????,NEGATIVE
ne5ALl_ai58,UgwU8WtjtEOZzm9BZBZ4AaABAg,Very expensive phone flagship price range. Better buy a Samsung Galaxy S24 ultra almost the same price in Lazada with voucher and promo.,NEGATIVE
lIJeJKYFhMI,Ugw8IDaxBmRZp5SDqAJ4AaABAg,"Easily the best fragrance review channel to date. Informative, visually pleasing, well done. Notification bell worthy. A first for me. 👏  Kept bumping this off because of the price, but Aventus is now back on my radar after this video.",POSITIVE
tYUC_Ni3lb4,UgyTDD_CIxlpwBPaPCV4AaABAg,No media controls? That would be the only reason for me to get it.,NEGATIVE
tYUC_Ni3lb4,Ugw2-MGYbx6FyGBStKx4AaABAg,"Totally awesome and helpful review! Great props to you sir! This was a very no-nonsense, straight to the point & well-spoken understandable pace in your delivery of the Ring's features!! Thank You !!",POSITIVE
s06AEGVagU0,UgxXswxph5-zAKUput54AaABAg,"Thanks man, thumbs up review!!!!",POSITIVE
4k2uJNwxFXU,UgxIfNxGtsFpT6pklnp4AaABAg,How does this compare to azzaro the most wanted edp intense ?,NEUTRAL
KftNp6hdO5g,UgiuhsAF4XlfT3gCoAEC,An amazing review. You do such a excellent job every time. Thank you.,POSITIVE
kkLJTmgoI3w,UgzPCkRGduCtFgeGJIV4AaABAg,"Does the camera still run hot on the newer models? As a Pixel 7 user who’s been loyal to Google for years, it's getting harder to justify staying. Seeing how fast other brands are innovating makes Google's flagship upgrades look incremental by comparison. Every time a new model drops, I hope it’s worth the jump, but the changes never justify the price or hype. I think it's finally time to switch.",NEGATIVE
4jmB-BNBeFU,UgzuxCIHQWlq5XWjyUB4AaABAg,Back of shoe is giving me blisters within 10 minutes of wearing  … please help 😭😭,NEUTRAL
4k2uJNwxFXU,Ugy17TiDhG5q4Dx7STx4AaABAg,"Hi chad, is it a good option to go out at the club?",POSITIVE
Uwmp16aSgdk,Ugy2n0z_VYT9wD_on7J4AaABAg,"5:05 I've owned the M2 air (16GB of ram) for the last couple of years and I do use Logic Pro and Ableton Suite quite a lot. It handles it perfectly, even with both programs opened at the same time. When I bought it it exceeded my expectations by far. I hope my current one still lasts a few more years, but If Apple maintains this great-deal mentality I'll definitely buy the same laptop. Plus, I must say this new color looks gorgeous.",POSITIVE
bInJjmH31Hk,UgyXmeCofWCnk-dkg9N4AaABAg,"Went with these after nearly haveing a stroke at the price of the Airpods Max. Love them, they're a great set of headphones, and the Noise cancelling is really top notch :)",POSITIVE
ne5ALl_ai58,Ugy1V2_kEejDT0aFolJ4AaABAg,True midrange specs True midrange design Flagship Price lol,NEGATIVE
bInJjmH31Hk,UgyChBvtY3Mrrb_AJIR4AaABAg,Sony when they name something:      *Smashes head on keyboard* PERFECTION,POSITIVE
kkLJTmgoI3w,UgwVg12H5vyw9nVVvwB4AaABAg,Wow this video is gorgeous!,POSITIVE
Uwmp16aSgdk,UgzIapZij0mfO-QknA14AaABAg,Clearly they put blood sweat and tears into this MacBook,NEGATIVE
s06AEGVagU0,UgxllqnH0ZcGh59_mdh4AaABAg,I like these how is the heel slippage compared to the 36? I couldn't buy it just because of that,POSITIVE
R8DmmsDVnqY,UgwN8J22e2dHusKnX2t4AaABAg,"What a beautiful watch! One of my dream watches in that exact color way. Hope to own one myself one day. Congrats on your new purchase Alex. I just wanna say thank you for doing what you do, you definitely helped me and other men become better versions of ourselves.",POSITIVE
4k2uJNwxFXU,UgygUb3qyLDy1kEMW9t4AaABAg,SPRAY that thumbs up and SUBSCRIBE it really helps out the channel! Thank you for watching 😁,NEUTRAL
4jmB-BNBeFU,Ugx6F9d7d_UIHlv2DCB4AaABAg,"If you're 23cm, what size would you  choose? It only shows M6.5/W7.5 😊",POSITIVE
Uwmp16aSgdk,UgxaAvCtHLSqOzOg0-F4AaABAg,Love the editting of Nothing at minute 4:50,POSITIVE
tYUC_Ni3lb4,Ugz_C0nU2oG1Xf9sOgR4AaABAg,Just waiting for someone to propose with one of these.,NEUTRAL
ne5ALl_ai58,Ugysn6FVNN_JOW5IlIB4AaABAg,Another phone without microSD. Total trash.,NEGATIVE
4k2uJNwxFXU,UgwLQ6-7hh38qlXL2wJ4AaABAg,I have the original. Smells good but it doesn´t wow me. All i smell is vanilla with a hint of chestnut. On Fragrantica the main accord is vanilla and the top notes are Sugar and chestnut. Weird to have sugar as a note but that will explain the cloying sweet bubble around me when i wear it. Somehow i feel safe wearing it. A walking cake haha. I havn´t tried the other flankers but if they are sweeter it´s a big pass for me.,NEGATIVE
4k2uJNwxFXU,UgzVCDRipU8LCom2rfV4AaABAg,I have both intensely and absolutely and i think just personally i like absolutely way more because it smells way more unique to my nose. Intensely is veryyyyyyy sweet and i think its just too much for me. Absolutely is more gentleman like. Intensely is more of a clubber scent. But what do I know,NEGATIVE
kkLJTmgoI3w,UgwTRqyshkhiS7MuNyd4AaABAg,"Thanks for sharing how every filter looks, but I would like if next time there is a feature like this, you also showed how it also looks with people. Great video!",POSITIVE
PPFNaMvnMtM,Ugyy6NB1k3D4zVxna_J4AaABAg,"Good review, Michael! I thought you were going to blow this watch out of the water at the end but ended it on a high note. For me its functions are simple and easy to use. The fitness tracker is my favorite feature. It keeps one motivated to stay on the good health track.",POSITIVE
